{
  "epochs": [
    6,
    7,
    8,
    9,
    10,
    11,
    12,
    13,
    14,
    15,
    16,
    17,
    18,
    19,
    20,
    21,
    22,
    23,
    24,
    25,
    26,
    27,
    28,
    29,
    30,
    31,
    32,
    33,
    34,
    35
  ],
  "policy_loss": [
    0.0011,
    -0.01661,
    -0.01517,
    -0.02252,
    -0.01921,
    -0.01764,
    -0.02373,
    -0.0241,
    -0.01565,
    -0.00242,
    29.40966,
    66.43143,
    78.1094,
    127.13387,
    145.7816,
    75.03217,
    39.9859,
    30.05506,
    0.27497,
    1.20825,
    3.32243,
    0.31105,
    0.00351,
    -0.00712,
    0.01219,
    0.43529,
    0.42956,
    0.82679,
    0.19694,
    -0.00771
  ],
  "kl_div": [
    0.00469,
    0.03946,
    0.04605,
    0.13662,
    0.24189,
    0.32645,
    0.67972,
    0.90222,
    1.55515,
    2.22247,
    3.14897,
    3.8193,
    4.06583,
    4.10742,
    4.35943,
    4.00099,
    4.16455,
    3.78496,
    3.49495,
    2.97152,
    2.59293,
    2.48165,
    2.27862,
    2.10566,
    2.43842,
    2.1129,
    2.393,
    2.16495,
    2.29506,
    2.02841
  ],
  "mean_reward": [
    -0.88872,
    -0.8919,
    -0.84714,
    -0.76048,
    -0.67307,
    -0.61276,
    -0.52033,
    -0.25293,
    -0.01338,
    0.158,
    0.50931,
    0.57516,
    0.70515,
    0.71676,
    0.76791,
    0.78078,
    0.84911,
    0.79038,
    0.63159,
    0.35125,
    0.44468,
    0.32054,
    0.23907,
    0.0024,
    0.19132,
    0.06968,
    0.20931,
    0.11937,
    0.27921,
    -0.00897
  ],
  "mean_advantage": [
    0.0,
    0.0,
    0.0,
    0.0,
    0.0,
    0.0,
    0.0,
    0.0,
    0.0,
    0.0,
    0.0,
    0.0,
    0.0,
    0.0,
    0.0,
    0.0,
    0.0,
    0.0,
    0.0,
    0.0,
    0.0,
    0.0,
    0.0,
    0.0,
    0.0,
    0.0,
    0.0,
    0.0,
    0.0,
    0.0
  ],
  "verifier_reward": [
    0.41281,
    0.4428,
    0.43115,
    0.41649,
    0.42626,
    0.43674,
    0.4274,
    0.42688,
    0.42495,
    0.4291,
    0.43398,
    0.42679,
    0.43548,
    0.43515,
    0.43063,
    0.41719,
    0.4171,
    0.43345,
    0.43736,
    0.42881,
    0.43346,
    0.43592,
    0.43193,
    0.41981,
    0.42387,
    0.43347,
    0.42504,
    0.42477,
    0.41269,
    0.42637
  ],
  "val_f1": [
    1.0,
    1.0,
    1.0,
    1.0,
    1.0,
    1.0,
    1.0,
    1.0,
    1.0,
    1.0,
    0.99751,
    0.99256,
    0.96852,
    0.97324,
    0.99256,
    1.0,
    1.0,
    1.0,
    1.0,
    1.0,
    1.0,
    1.0,
    1.0,
    1.0,
    1.0,
    1.0,
    1.0,
    1.0,
    1.0,
    1.0
  ]
}