{
  "train_loss": [
    0.6513683295249939,
    0.3582253921031952,
    0.04310154628008604,
    0.005036386800929904,
    0.0025229255761951208,
    0.0019089513598009944,
    0.0017008809791877865,
    0.0014811971411108971,
    0.0013823609752580523,
    0.0012627923814579846,
    0.00117170091252774,
    0.001139410266187042,
    0.0010716883046552538,
    0.001083222443703562,
    0.0010127840330824256,
    0.0010002970416098833,
    0.0009692397457547485,
    0.0010075929691083728,
    0.0010065093799494207,
    0.0009631715249270201
  ],
  "val_f1": [
    1.0,
    1.0,
    1.0,
    1.0,
    1.0,
    1.0,
    1.0,
    1.0,
    1.0,
    1.0,
    1.0,
    1.0,
    1.0,
    1.0,
    1.0,
    1.0,
    1.0,
    1.0,
    1.0,
    1.0
  ]
}